,RIDDLES,ANSWERS
0,"With thieves I consort, With the Vilest, in short, I'm quite at ease in depravity, Yet all divines use me, And savants can't lose me, For I am the century of gravity.",b'$2b$12$bJS3eJyNaenoz7XhI9bTKeM/17mK94baHUNbknR9VhJh7vti.w2yK'
1,"I move without wings, Between silken string, I leave as you find, My substance behind.",b'$2b$12$bJS3eJyNaenoz7XhI9bTKeYzT.XUxyecq7LnGzYTqSnrbMVGH1wMa'
2,"What flies forever, Rests never?",b'$2b$12$bJS3eJyNaenoz7XhI9bTKeUrOQWFbS0/wTPnc2xK6ryBSzFEyfvOS'
3,"I appear in the morning. But am always there. You can never see me. Though I am everywhere. By night I am gone, though I sometimes never was. Nothing can defeat me. But I am easily gone.",b'$2b$12$bJS3eJyNaenoz7XhI9bTKeCuhYGrXD9HfMZl66IJr0yqFmORrc63G'
4,I crawl on the earth. And rise on a pillar.,b'$2b$12$bJS3eJyNaenoz7XhI9bTKeHBXcKZt/0eFXiEde6aFUJVtWIMQQYle'
5,"They are many and one, they wave and they drum, Used to cover a state, they go with you everywhere.",b'$2b$12$bJS3eJyNaenoz7XhI9bTKexZlhn6L5RZo.ZE5F2.lhh.ZuLjJFLG6'
6,What must be in the oven yet can not be baked? Grows in the heat yet shuns the light of day? What sinks in water but rises with air? Looks like skin but is fine as hair?,b'$2b$12$bJS3eJyNaenoz7XhI9bTKeIK.YAXE6f1sSQvOmYq/BiHxWlO6exg.'
7,"I have holes on the top and bottom. I have holes on my left and on my right. And I have holes in the middle, Yet I still hold water.",b'$2b$12$bJS3eJyNaenoz7XhI9bTKeeNu2iTUy2pFL1oasu/k33EmZ30SgPKm'
8,"What can be swallowed, But can also swallow you?",b'$2b$12$bJS3eJyNaenoz7XhI9bTKeXkb9VAnHKP292GAwk9ylSn.BsSdG0xm'
9,"You get many of me, but never enough. After the last one, your life soon will snuff. You may have one of me but one day a year, When the last one is gone, your life disappears.",b'$2b$12$bJS3eJyNaenoz7XhI9bTKe2gOLfcnG0MhElIu3Ma0DN0u4GMMJpa6'
10,"I run around the city, but I never move.",b'$2b$12$bJS3eJyNaenoz7XhI9bTKe6ZW0n4dVolFVh1zSt8ngBRi5QYP44Jm'
11,"As a whole, I am both safe and secure. Behead me, I become a place of meeting. Behead me again, I am the partner of ready. Restore me, I become the domain of beasts.",b'$2b$12$bJS3eJyNaenoz7XhI9bTKe4jHOQSgxE0Hw0dx7/Y9sH90WR.fir.e'
12,"Two horses, swiftest traveling, harnessed in a pair, and grazing ever in places. Distant from them.",b'$2b$12$bJS3eJyNaenoz7XhI9bTKekfwEZgAETdOTf8wAcSEPodVGRsZGnty'
13,"At the sound of me, men may dream. Or stamp their feet. At the sound of me, women may laugh. Or sometimes weep.",b'$2b$12$bJS3eJyNaenoz7XhI9bTKer9C9MmHDx/.8G2DVkocZ9Fh1Rzexvmi'
14,"To unravel me you need a simple key, no key that was made by locksmith's hand. But a key that only I will understand.",b'$2b$12$bJS3eJyNaenoz7XhI9bTKe83HlvsAjsf.iT9pZLmXJQG6zdlG.aL.'
15,"Long and think, red within, with a nail at the end.",b'$2b$12$bJS3eJyNaenoz7XhI9bTKezA7hCZH9nmdgh6NbZ70Awg.X4GPSFpe'
16,I'm sometimes white and always wrong. I can break a heart and hurt the strong. I can build love or tear it down. I can make a smile or bring a frown.,b'$2b$12$bJS3eJyNaenoz7XhI9bTKej8IcZXw8IZGQVZUly2AYBZvTf4Qjw6i'
17,"You can tumble in it, roll in it, burn it, animal eat it. Used to cover floors, still used beyond stall doors. Freshens whatever it is placed on. Absorbs whatever is poured into it.",b'$2b$12$bJS3eJyNaenoz7XhI9bTKeStYV3q.usnwGP4C6P3n2/7OBdwJQN6a'
18,"I come in winter. I cannot see, hear, or feel. I can't eat, But you can eat parts of me.",b'$2b$12$bJS3eJyNaenoz7XhI9bTKeDDZn9.k2AC8DkEg/.WbHKzqfMqL9UxS'
19,"Sometimes I am loud. And viewed with distaste. Poke out my 'eye', then I'm on the front of your face.",b'$2b$12$bJS3eJyNaenoz7XhI9bTKesfTzI4QqRA3uVQyflVbDpYzqzSscnsa'
20,"What is it that has four legs, one head, and a foot?",b'$2b$12$bJS3eJyNaenoz7XhI9bTKeLQyqKaeKC1S97gqn9KDJS57RqWoKwEa'
21,What makes a loud noise when changing its jacket. Becomes larger but weighs less?,b'$2b$12$bJS3eJyNaenoz7XhI9bTKeV5bAjF7AiaLnBY67BA3o3S8sxW7ZpEW'
22,"I am always hungry, I must always be fed. The finger I lick will soon turn red.",b'$2b$12$bJS3eJyNaenoz7XhI9bTKe95U6.yzSOkuNEL/I1v1x.x573ZrgCAi'
23,"Something wholly unreal, yet seems real to I. Think my friend, tell me where does it lie?",b'$2b$12$bJS3eJyNaenoz7XhI9bTKe2BQlgEy.joQRXju3WdC6pTA9nv6hhI6'
24,"No matter how little or how much you use me, you change me every month.",b'$2b$12$bJS3eJyNaenoz7XhI9bTKeqEBBSs1yDW8GLfidXOnQkVl9RsnzCoa'
25,"What can burn the eyes, sting the mouth, yet be consumed?",b'$2b$12$bJS3eJyNaenoz7XhI9bTKe2m2dI6eeW3OTOk9m5AyRIUvkgA1fml6'
26,What an fill a room but takes up no space?,b'$2b$12$bJS3eJyNaenoz7XhI9bTKefWsHcDSkocILyZL/NshNnwra33oITve'
27,It occurs once in every minute. Twice in every moment and yet never in one hundred thousand years.,b'$2b$12$bJS3eJyNaenoz7XhI9bTKeFF4OwSp04EdQvmFwgG5rCVjlADW2XTu'
28,"With pointed fangs it sits in wait. With piercing force it doles out fate, over bloodless victims proclaiming its might. Eternally joining in a single bite.",b'$2b$12$bJS3eJyNaenoz7XhI9bTKeSE3s3qlpicBNSuVMRcXvUxmfQR7X33S'
29,"It holds most knowledge that has ever been said. But is not the brain, is not the head. To feathers and their masters, it's both bane and boonÂ…One empty, and one full.",b'$2b$12$bJS3eJyNaenoz7XhI9bTKeNbDL7mtFOkwWq9F.5Ul2dwZzgIGWH2i'
30,"Upon me you can tread, though softly under cover. And I will take you places, that you have yet to discover. I'm high, and I'm low, though flat in the middle. And though a joy to the children, adults think of me little.",b'$2b$12$bJS3eJyNaenoz7XhI9bTKebgLhwaPGOwxen3Axa2p/9ZBf2GzpLLm'
31,"A mile from end to end, yet as close to as a friend. A precious commodity, freely given. Seen on the dead and on the living. Found on the rich, poor, short and tall. But shared among children most of all.",b'$2b$12$bJS3eJyNaenoz7XhI9bTKew5lBw60fDE7A3qKymejTyDD08PAA05K'
32,"I have a hundred legs, but cannot stand. I have a long neck, but no head. I cannot see. I'm neat and tidy as can be.",b'$2b$12$bJS3eJyNaenoz7XhI9bTKeSKMp/vF3OcszdzWxNvRNVaxe.2b/uXq'
33,"Flat as a leaf, round as a ring. Has two eyes, can't see a thing.",b'$2b$12$bJS3eJyNaenoz7XhI9bTKekohBzGcpVb3MkWtul8D0IWijB/Ccr42'
34,I don't think or eat or slumber. Or move around or fear thunder. Just like you I look the same but I can't harm you or be your bane.,b'$2b$12$bJS3eJyNaenoz7XhI9bTKeSsGCPOuS2bUPDe9eCDD3qYZ9jfgyxYq'
35,"In marble halls as white as milk, lined with a skin as soft as silk. Within a fountain crystal-clear. A golden apple doth appear. No doors there are to this stronghold, yet thieves break in and steal the gold.",b'$2b$12$bJS3eJyNaenoz7XhI9bTKedrvEmvl81TYdshGzVDHjNlwlen48Nw2'
36,What is it that you must give before you can keep it.,b'$2b$12$bJS3eJyNaenoz7XhI9bTKeqvtXt1ebAtJPLFZejQjQsRW59ek5D.y'
37,I dig out tiny caves and store gold and silver in them. I also build bridges of silver and make crowns of gold. They are the smallest you could imagine. Sooner or later everybody needs my help. Yet many people are afraid to let me help them.,b'$2b$12$bJS3eJyNaenoz7XhI9bTKelC0LTx7VekQ63SS2MmgkcyCTgTMa/XO'
38,"What is long and slim, works in light. Has but one eye, and an awful bite?",b'$2b$12$bJS3eJyNaenoz7XhI9bTKea5kHGA2CP.YrXQ8Ne4a4HWhhWzwtdxm'
39,What lies in a tunnel of darkness. That can only attack when pulled back?,b'$2b$12$bJS3eJyNaenoz7XhI9bTKeOAPpG5PU7sLz7yJ2F7KudGYXZwnW2BO'
40,What has six faces and twenty-one eyes?,b'$2b$12$bJS3eJyNaenoz7XhI9bTKetNLD6naf0G9.0MiPGC.15jlImjHY9uq'
41,"Until I am measured. I am not known, yet how you miss me when I have flown.",b'$2b$12$bJS3eJyNaenoz7XhI9bTKe/7WcU6vFQPixA1eiUGDO5pqButdl6LC'
42,Three lives have I. Gentle enough to soothe the skin. Light enough to caress the sky. Hard enough to crack rocks.,b'$2b$12$bJS3eJyNaenoz7XhI9bTKe9I/NIA7nYl3VrekocXhWXrgqfa/qNFO'
43,"I wear a red robe, with staff in hand, and a stone in my throat.",b'$2b$12$bJS3eJyNaenoz7XhI9bTKewANjSr9hJ04Q66ALdME6184jihqDL9q'
44,"A warrior amongst the flowers, he bears a thrusting sword. He uses it whenever he must, to defend his golden hoard.",b'$2b$12$bJS3eJyNaenoz7XhI9bTKeT84VBCy.IgJG0zMGlGOtJetq8jfDINa'
45,I hide but my head is outside.,b'$2b$12$bJS3eJyNaenoz7XhI9bTKecwYnAh42FReE3eOIzpYvtzWFDneeJsy'
46,"A house full, a yard full, a chimney full, no one can get a spoonful.",b'$2b$12$bJS3eJyNaenoz7XhI9bTKeUDGOiRcf9wMa8yxgczbKk9V1e6/5fYy'
47,"You can spin, wheel and twist. But this thing can turn without moving.",b'$2b$12$bJS3eJyNaenoz7XhI9bTKeNd2S/aLteUzaQlFVCTppKl2VKAqmgje'
48,"Halo of water, tongue of wood. Skin of stone, long I've stood. My fingers short reach to the sky. Inside my heart men live and die.",b'$2b$12$bJS3eJyNaenoz7XhI9bTKe0K0YAT9X0dxt4fFcKHQhgiBKvunDD1W'
49,"When they are caught, they are thrown away. When they escape, you itch all day.",b'$2b$12$bJS3eJyNaenoz7XhI9bTKeW1zurcKRWiuf1VTVhdQx3QDe.RZ2h7u'
50,"What does man love more than life, fear more than death or mortal strife. What the poor have, the rich require, and what contented men desire. What the miser spends, and the spendthrift saves. And all men carry to their graves.",b'$2b$12$bJS3eJyNaenoz7XhI9bTKefni9nOJSP5aI.3zpywILJKnrgMOWbq2'
51,"In we go, out we go. All around and in a row. Always, always steady flow. When we'll stop, you'll never known. In we go, out we go.",b'$2b$12$bJS3eJyNaenoz7XhI9bTKe/admjVW5NRizc29ZT3pk8HCFFcUVwWW'
52,"A cloud was my mother, the wind is my father. My son is the cool stream, and my daughter is the fruit of the land. A rainbow is my bed, the earth my final resting place. And I'm the torment of man.",b'$2b$12$bJS3eJyNaenoz7XhI9bTKeP8FQfyKNWTwXbB1MWKbXg8sCAH565w2'
53,"Born of earth, but with none of its strength. Molded by flame, but with none of its power. Shaped",b'$2b$12$bJS3eJyNaenoz7XhI9bTKepxoPcOimdDZWi/Kwb5kP3eNaULbZ1Ii'
54,Remove the outside. Cook the inside. Eat the outside. Throw away the inside.,b'$2b$12$bJS3eJyNaenoz7XhI9bTKe7JUhEMHNMJQ5l5eoH2TyyPYENX41Kj.'
55,"This is in a realm of true and in a realm false, but you experience me as you turn and toss.",b'$2b$12$bJS3eJyNaenoz7XhI9bTKeVuZE7FScXTft0F6H1iLzz4evbvpeXvy'
56,There is an ancient invention. Still used in some parts of the world today. That allows people to see through walls.,b'$2b$12$bJS3eJyNaenoz7XhI9bTKeP7DCWRLa.DS8tIH.rCbmHO8B0B8uvdC'
57,"Some live in me, some live on. And some shave me to stride upon. I rarely leave my native land. Until my death I always stand. High and low I may be found. Both above and below ground.",b'$2b$12$bJS3eJyNaenoz7XhI9bTKePuuYliZI78OXSo6uemB.lXT/ebK7t/G'
58,"Metal or bone I may be, many teeth I have and always bared. Yet my bite harms no one. And ladies delight in my touch.",b'$2b$12$bJS3eJyNaenoz7XhI9bTKeg1cZ9FrMNFqSy6voP5GdrunvcX/ONam'
59,"I am a fire's best friend. When fat, my body fills with wind. When pushed to thin, through my nose I blow. Then you can watch the embers glow.",b'$2b$12$bJS3eJyNaenoz7XhI9bTKecnG1SHawf1Xu.za6GFGhRAHTfAKZ2Xu'
60,"Every dawn begins with me. At dusk I'll be the first you see, and daybreak couldn't come without. What midday centers all about. Daises grow from me, I'm told. And when I come, I end all code, but in the sun I won't be found. Yet still, each day I'll be around.",b'$2b$12$bJS3eJyNaenoz7XhI9bTKeV/OC2gSnb1rDhTDMpkdwzPjYlVs7BxC'
61,"You heart it speak, for it has a hard tongue. But it cannot breathe, for it has not a lung.",b'$2b$12$bJS3eJyNaenoz7XhI9bTKeR.zCqXZeTbBES15EaBx3WRp7yoBd31S'
62,"I cut through evil like a double edged sword, and chaos flees at my approach. Balance I single-handedly upraise, through battles fought with heart and mind, instead of with my gaze.",b'$2b$12$bJS3eJyNaenoz7XhI9bTKe/LQX/uNsBFYS6ovvV8NDG7ejJEZxWCu'
63,The eight of us move forth and back. To protect our king from the foes attack.,b'$2b$12$bJS3eJyNaenoz7XhI9bTKeC1yQSGQHWH9lbrd64M650RrQLR71Mh6'
64,He has one and a person has two. A citizen has three. And a human being has four. A personality has five. And an inhabitant of earth has six.,b'$2b$12$bJS3eJyNaenoz7XhI9bTKerm.s2/b3sf8lyHOzFCbEWJZSao5qHNC'
65,"If you break me, I do not stop working. If you touch me, I may be snared. If you lose me, nothing will matter.",b'$2b$12$bJS3eJyNaenoz7XhI9bTKe1YqLj59w7vNdNFhlgQ0YtzOAYzH3WdK'
66,What's in the middle of nowhere?,b'$2b$12$bJS3eJyNaenoz7XhI9bTKeuUzaXEjmnVGhOw/F7V4fP5sr0o4Dhri'
67,"What force and strength cannot get through. I, with a gentle touch, can do. Many in the street would stand. Were I not a friend at hand.",b'$2b$12$bJS3eJyNaenoz7XhI9bTKeEucXlN2aWNe4He5dro/BBA0Wqfkd0nq'
68,Often held but never touched. Always wet but never rusts. Often bits but seldom bit. To use it well you must have wit.,b'$2b$12$bJS3eJyNaenoz7XhI9bTKeVowu/wKBFbypFw6IJqQEZD0an49euMa'
69,As round as an apple. As deep as a cup. All the king's horses can't pull it up.,b'$2b$12$bJS3eJyNaenoz7XhI9bTKe1tK3Ip8v5l.n4IjVGuACn9t/ZuBVwMy'
70,"He stands beside the road. In a purple cap at tattered green cloak. Those who touch him, curse him.",b'$2b$12$bJS3eJyNaenoz7XhI9bTKeSOwOKErOQA3jm8/1Lz/DdCCkrB5Ve.u'
71,Power enough to smash ships and crush roofs. Yet it still must fear the sun.,b'$2b$12$bJS3eJyNaenoz7XhI9bTKeVaxNd1TgZW4gCoarQZO9hl9qjZJD.De'
72,"What surrounds the world, yet dwells within a thimble?",b'$2b$12$bJS3eJyNaenoz7XhI9bTKeef3KXmXWa4wHtoSh1NsMqxUE9.Dgkg6'
73,"I cannot be other than what I am, until the man who made me dies. Power and glory will fall to me finally. Only when he last closes his eyes.",b'$2b$12$bJS3eJyNaenoz7XhI9bTKekafu9HywJgxl9UNQXQeKE/UKqiZc5em'
74,What is it that makes tears without sorrow. And takes its journey to heaven?,b'$2b$12$bJS3eJyNaenoz7XhI9bTKeUDGOiRcf9wMa8yxgczbKk9V1e6/5fYy'
75,Inside a great blue castle lives a shy young maid. She blushes in the morning and comes not out at night.,b'$2b$12$bJS3eJyNaenoz7XhI9bTKencIRt0QYcdw6II/01dWw6ggkd4jzB2a'
76,"This thing runs but cannot walk, sometimes sings but never talks. Lacks arms, has hands; lacks a head but has a face.",b'$2b$12$bJS3eJyNaenoz7XhI9bTKe4L6SIUfSfxdqkCbagozEJ/Ofe0YZ6L2'
77,"A word I know, six letters it contains. Subtract just one and twelve remains.",b'$2b$12$bJS3eJyNaenoz7XhI9bTKeRBrkwwyo62WQcKnijBCW4mgzZ42xbBS'
78,I am the yellow hem of the sea's blue skirt.,b'$2b$12$bJS3eJyNaenoz7XhI9bTKes9QRMb2OVlPRYCRNJ7iukfJkG3PFceK'
79,"A skin have I, more eyes than one. I can be very nice when I am done.",b'$2b$12$bJS3eJyNaenoz7XhI9bTKeHwLXeclxLZrhnb6mHoOYSA3V3MrSHyi'
80,I have four legs but no tail. Usually I am heard only at night.,b'$2b$12$bJS3eJyNaenoz7XhI9bTKeaiiJ8GpI5w6jj0W3NLBXM4kCwYSB2wG'
81,"A tiny bead, like fragile glass, strung along a cord of grass.",b'$2b$12$bJS3eJyNaenoz7XhI9bTKeGzWFL0joIJBko5BWS2IbJFrbX9DusfG'
82,"Break it and it is better, immediately set and harder to break again.",b'$2b$12$bJS3eJyNaenoz7XhI9bTKeghSe38vY75VTnEH0NQSPdMkuU6B.c5O'
83,"Each morning I appear to lie at your feet, all day I follow no matter how fast you run. Yet I nearly perish in the midday sun.",b'$2b$12$bJS3eJyNaenoz7XhI9bTKeHBXcKZt/0eFXiEde6aFUJVtWIMQQYle'
84,What do you throw out to use and take in when you're done?,b'$2b$12$bJS3eJyNaenoz7XhI9bTKeV8rj76ag6scgp9jQvaxdJtGHQKyRKtu'
85,"What is it which builds things up? Lays mountains low? Dries up lakes, and makes things grow? Cares not a whim about your passing? And is like few other things, because it is everlasting?",b'$2b$12$bJS3eJyNaenoz7XhI9bTKe/7WcU6vFQPixA1eiUGDO5pqButdl6LC'
86,"I am the fountain from which no one can drink. For many I am considered a necessary link. Like gold to all I am sought for, but my continued death brings wealth for all to want more.",b'$2b$12$bJS3eJyNaenoz7XhI9bTKedzxJH3YGBCO7EeWkWOGZD7hQrjlGiMG'
87,"Sleeping during the day, I hide away. Watchful through the night, I open at dawn's light. But only for the briefest time, do I shine. And then I hide away. And sleep through the day.",b'$2b$12$bJS3eJyNaenoz7XhI9bTKe3UqhiwQ/cH5brNMTWZ1MMBBKyKiUztK'
88,"A seed am I, three letters make my name. Take away two and I still sound the same.",b'$2b$12$bJS3eJyNaenoz7XhI9bTKeGXUd5sNrhZa.YBrLvtXi7n0kkRlpCmC'
89,"In the middle of night, I surround the gong. In the middle of sight, I end the song.",b'$2b$12$bJS3eJyNaenoz7XhI9bTKe1GAEyaVwIU5rU5cr4JEhOPyMaO9nfqe'
90,Look into my face and I'm everybody. Scratch my back and I'm nobody.,b'$2b$12$bJS3eJyNaenoz7XhI9bTKeqB5AFmqyog2u3F.jYdstNj1DQvQrIWy'
91,"Two brothers we are, great burdens we bear. All day we are bitterly pressed. Yet this I will say, we are full all the day, and empty when go to rest.",b'$2b$12$bJS3eJyNaenoz7XhI9bTKehP12xBpL/nQXllo3oughM9Ij9uJQtr2'
92,"They can be harbored, but few hold water. You can nurse them, but only by holding them against someone else. You can carry them, but not with your arms. You can bury them, but not in the earth.",b'$2b$12$bJS3eJyNaenoz7XhI9bTKet0YvoPtsVjwtyc/I55rWQICFfbRXb9S'
93,"What is it that was given to you, belongs only to you. And yet your friends use it more than you do?",b'$2b$12$bJS3eJyNaenoz7XhI9bTKeiEL8xtnZflnbXvQ5e4LbmqK6462DFRO'
94,"By Moon or by Sun, I shall be found. Yet I am undone, if there's no light around.",b'$2b$12$bJS3eJyNaenoz7XhI9bTKeHBXcKZt/0eFXiEde6aFUJVtWIMQQYle'
95,"What do you use to hoe a row, slay a foe, and wring with woe?",b'$2b$12$bJS3eJyNaenoz7XhI9bTKexZlhn6L5RZo.ZE5F2.lhh.ZuLjJFLG6'
96,"We travel much, yet prisoners are, and close confined to boot. Yet with any horse, we will keep the pace, and will always go on foot.",b'$2b$12$bJS3eJyNaenoz7XhI9bTKe/x/xQmPg6cDXYMnxJjZ0BAgk26Rrbim'
97,"Without a bridle, or a saddle, across a thing I ride a-straddle. And those I ride, by help of me, though almost blind, are made to see.",b'$2b$12$bJS3eJyNaenoz7XhI9bTKetZM9EuJYRLgCps2JJcxN22bHHdFN34O'
98,"I fly through the air on small feathered wings, seeking out life and destroying all things.",b'$2b$12$bJS3eJyNaenoz7XhI9bTKeL/D96A4.iye70KIUSQccXIHqA6Xxfa6'
99,"I am the red tongue of the earth, that buries cities.",b'$2b$12$bJS3eJyNaenoz7XhI9bTKeOkvM1BrqNddLr3jed9pgNwvxM/P6bHi'
100,"I look at you, you look at me, I raise my right, you raise your left.",b'$2b$12$bJS3eJyNaenoz7XhI9bTKeqB5AFmqyog2u3F.jYdstNj1DQvQrIWy'
101,"What is the thing which, once poured out, cannot be gathered again?",b'$2b$12$bJS3eJyNaenoz7XhI9bTKeP8FQfyKNWTwXbB1MWKbXg8sCAH565w2'
102,"It is a part of us, and then replaced. It escapes out bodies, to a better place. The world becomes its sizeable home. Its passions unrestraint, the planet it roams.",b'$2b$12$bJS3eJyNaenoz7XhI9bTKe9I/NIA7nYl3VrekocXhWXrgqfa/qNFO'
103,"What word starts with 'E', ends with 'E', but only has one letter? It is not the letter 'E'.",b'$2b$12$bJS3eJyNaenoz7XhI9bTKeet7qYPqQrsFK5lVw9lYLe1VFj499jPK'
104,"A hole in a pole, though I fill a hole in white. I'm used more by the day, and less by the night.",b'$2b$12$bJS3eJyNaenoz7XhI9bTKe5GIzl9irj/XXvAJb/U6HSdYuw/AjKpe'
105,"I fly, yet I have no wings. I cry, yet I have no eyes. Darkness follows me. Lower light I never see.",b'$2b$12$bJS3eJyNaenoz7XhI9bTKeu0XlhrJc8jUzqLr3gATHqZlOU.NUztW'
106,"I'm full of holes, yet I'm full of water.",b'$2b$12$bJS3eJyNaenoz7XhI9bTKeeNu2iTUy2pFL1oasu/k33EmZ30SgPKm'
107,"Long and slinky like a trout, never sings till it's guts come out.",b'$2b$12$bJS3eJyNaenoz7XhI9bTKeHtVhTSVO907kmtVMie2hSB/wVE5BY2u'
108,What animal keeps the best time?,b'$2b$12$bJS3eJyNaenoz7XhI9bTKeotzsz0jtoG8buLdy/TezxD7f99dKoPO'
109,What kind of room has no windows or doors?,b'$2b$12$bJS3eJyNaenoz7XhI9bTKes9XkB.7UtAzz9U4rHSBBM.aK4B6jzLO'
110,"I have legs but walk not, a strong back but work not. Two good arms but reach not. A seat but sit and tarry not.",b'$2b$12$bJS3eJyNaenoz7XhI9bTKef2myWAh8lGBiju3xSt5Kr8cXOWTb/I2'
111,It's in your hand though you can not feel it. Only you and time can reveal it.,b'$2b$12$bJS3eJyNaenoz7XhI9bTKePvFe3h9phMVlHxAGSGanWlrJmQSAdiC'
112,"Not born, but from a Mother's body drawn. I hang until half of me is gone. I sleep in a cave until I grow old. Then valued for my hardened gold.",b'$2b$12$bJS3eJyNaenoz7XhI9bTKew.fD/QfdcCL.sn3Jiw0ZnaAXjBa1cle'
113,"I am the outstretched fingers that seize and hold the wind. Wisdom flows from me in other hands. Upon me are sweet dreams dreamt, my merest touch brings laughter.",b'$2b$12$bJS3eJyNaenoz7XhI9bTKeo0DQrnxI8saoD6sLem58cEp7DLN.ss6'
114,Hands she has but does not hold. Teeth she has but does not bite. Feet she has but they are cold. Eyes she has but without sight.,b'$2b$12$bJS3eJyNaenoz7XhI9bTKeSsGCPOuS2bUPDe9eCDD3qYZ9jfgyxYq'
115,Only two backbones and thousands of ribs.,b'$2b$12$bJS3eJyNaenoz7XhI9bTKeFUbtmNfEqCa9gxGTkryTTQJj93R.q2a'
116,Hard iron on horse. Cow's hide on man.,b'$2b$12$bJS3eJyNaenoz7XhI9bTKe0kWt4.WsuvEl88VueLBCYPxyVu6J.Rq'
117,"What word is the same written forward, backward and upside down?",b'$2b$12$bJS3eJyNaenoz7XhI9bTKeeI9uJgwEQywvuA7naMcsiweWD9jpVUa'
118,"I cannot be felt, seen or touched. Yet I can be found in everybody. My existence is always in debate. Yet I have my own style of music.",b'$2b$12$bJS3eJyNaenoz7XhI9bTKeDdEyZ1TDvuZ5JDA12ZUPUkF8QHAGV12'
119,"I am seen in the water. If seen in the sky, I am in the rainbow, a jay's feather, and lapis lazuli.",b'$2b$12$bJS3eJyNaenoz7XhI9bTKe0fYhOrHksT9l48dADUoiFDaLfarf5j.'
120,"You use it between your head and your toes, the more it works the thinner it grows.",b'$2b$12$bJS3eJyNaenoz7XhI9bTKeceT9T59bra/FVL6iGpLI0oOk1tqFIKu'
121,"Fatherless and motherless. Born without sin, roared when it came into the world. And never spoke again.",b'$2b$12$bJS3eJyNaenoz7XhI9bTKe0rtkTGSTK7trm/uhn9iM.rKz5Z84pHq'
122,"Where can you find roads without cars, forests without trees and cities without houses?",b'$2b$12$bJS3eJyNaenoz7XhI9bTKe4gZ3rRy.ZvJxu3DTJFXfu/lSY7hFfbu'
123,"A leathery snake, with a stinging bite. I'll stay coiled up, unless I must fight.",b'$2b$12$bJS3eJyNaenoz7XhI9bTKeED1/BWMa5aK5aUfBkbR9Gw50SacbaQS'
124,"Take one out and scratch my head, I am now black but once was red.",b'$2b$12$bJS3eJyNaenoz7XhI9bTKe6Mc7.jqFBaGZ3UqrcxMjwvL/6ht1cqK'
125,Mountains will crumble and temples will fall. And no man can survive its endless call.,b'$2b$12$bJS3eJyNaenoz7XhI9bTKe/7WcU6vFQPixA1eiUGDO5pqButdl6LC'
126,"What has wings, but can not fly. Is enclosed, but can outside also lie. Can open itself up, or close itself away. Is the place of kings and queens and doggerel of every means. What is it upon which I stand? Which can lead us to different lands.",b'$2b$12$bJS3eJyNaenoz7XhI9bTKeuVWgpvzZuBPO9ZX2TwCEwppWjNyOvpm'
127,"I'm the source of all emotion, but I'm caged in a white prison.",b'$2b$12$bJS3eJyNaenoz7XhI9bTKe1YqLj59w7vNdNFhlgQ0YtzOAYzH3WdK'
128,"I am the tool, for inspiring many. Buy me in the store, for not much more than a penny. Don't overuse me, or my usefulness will go.",b'$2b$12$bJS3eJyNaenoz7XhI9bTKeRPKzANq6uf8DoHqG4l8Qn22/3/y0QBu'
129,What goes through a door but never goes in. And never comes out?,b'$2b$12$bJS3eJyNaenoz7XhI9bTKeRMo6FhRxj7eawCvENcIfILH9t5Du.Ay'
130,What goes up when the rain comes down?,b'$2b$12$bJS3eJyNaenoz7XhI9bTKeKcndXyGVkwMwB9ZUKCdrWrKvFgpTRZG'
131,I occur twice in eternity. And I'm always within sight.,b'$2b$12$bJS3eJyNaenoz7XhI9bTKemYrj2vjjBWFXRXxdlBi/oPldk5AkLeS'
132,Twigs and spheres and poles and plates. Join and bind to reason make.,b'$2b$12$bJS3eJyNaenoz7XhI9bTKeQvC2P0if10augm.QRRems3MVpg02GXe'
133,"The sun bakes them, the hand breaks them, the foot treads on them, and the mouth tastes them.",b'$2b$12$bJS3eJyNaenoz7XhI9bTKehGFsTZUIKZQ4VqE8HPHYPtWH2JBN81K'
134,"I have many feathers to help me fly. I have a body and head, but I'm not alive. It is your strength which determines how far I go. You can hold me in your hand, but I'm never thrown.",b'$2b$12$bJS3eJyNaenoz7XhI9bTKeL/D96A4.iye70KIUSQccXIHqA6Xxfa6'
135,"What's black when you get it, red when you use it, and white when you're all through with it?",b'$2b$12$bJS3eJyNaenoz7XhI9bTKerfPL5AlJ05HCHk1blc7GpJkU3mrWwje'
136,"What has four legs in the morning, two legs in the afternoon, and three legs in the evening?",b'$2b$12$bJS3eJyNaenoz7XhI9bTKeUCSwkLjfeY1nDTayv6ShwSz8EjbLvoO'
137,"Take off my skin, I won't cry, but you will.",b'$2b$12$bJS3eJyNaenoz7XhI9bTKe9aYuIKWDbqsZFLoaGZOamqoGauJh4j.'
138,"Hold the tail, while I fish for you.",b'$2b$12$bJS3eJyNaenoz7XhI9bTKe/eXdw5umu3jTMxm4TGhdLtj.JRT0i4K'
139,I am so simple that I can only point. Yet I guide men all over the world.,b'$2b$12$bJS3eJyNaenoz7XhI9bTKe4nPGkndkk0oCyiOY1QwhvOHwnvol/z2'
140,"Iron roof, glass walls, burns and burns and never falls.",b'$2b$12$bJS3eJyNaenoz7XhI9bTKebrlsJYnkiZ7H5ToJZ5dZ7Tr5jnoG7v2'
141,Late afternoons I often bathe. I'll soak in water piping hot. My essence goes through. My see through clothes. Used up am I - I've gone to pot.,b'$2b$12$bJS3eJyNaenoz7XhI9bTKewzHZK8Hb5jKG0JS03LHfSbLf.WJ3fAO'
142,"What can't you see, hear or feel, until its too late. What shadows love, and shopkeepers hate?",b'$2b$12$bJS3eJyNaenoz7XhI9bTKeiwu/rmXOQO897J10Qq/O2CUFjG.MsPi'
143,"What can bring back the dead. Make us cry, make us laugh, make us young. Born in an instant yet lasts a life time?",b'$2b$12$bJS3eJyNaenoz7XhI9bTKenTKFysVSDsDCbNW0IYO.KRL5.thk.HG'
144,I have a neck but no head. I have a body but no arm. I have a bottom but no leg.,b'$2b$12$bJS3eJyNaenoz7XhI9bTKeSO9HMsRXDxWagM.BUbwniVZP/BOPlg.'
145,"A thousand colored folds stretch toward the sky. Atop a tender strand, rising from the land, until killed by maiden's hand. Perhaps a token of love, perhaps to say goodbye.",b'$2b$12$bJS3eJyNaenoz7XhI9bTKet/DDvm426Z7ScfFihWeqdf.A1kgx8tu'
146,"Gold in a leather bag, swinging on a tree, money after honey in its time. Ills of a scurvy crew cured by the sea, reason in its season but no rhyme.",b'$2b$12$bJS3eJyNaenoz7XhI9bTKeYkhZMwOtUpEytLUd32CX8p.SWQbvhQi'
147,"A slow, solemn square-dance of warriors feinting. One by one they fall, warriors fainting, thirty-two on sixty-four.",b'$2b$12$bJS3eJyNaenoz7XhI9bTKeZYbwBdvPGrdfKdnss/GtNotyFH2WuR2'
148,He has married many women but has never married.,b'$2b$12$bJS3eJyNaenoz7XhI9bTKeZTbfXwptJpVc7BiMzjp9.bB92rRd2Xa'
149,"In your fire you hear me scream, creaking and whining, yet I am dead before you lay me in your hearth.",b'$2b$12$bJS3eJyNaenoz7XhI9bTKe4MRKEU4IX4zORt51EiWMh6D552qSGHS'
150,"I weaken all men for hours each day. I show you strange visions while you are away. I take you by night, by day take you back. None suffer to have me, but do from my lack.",b'$2b$12$bJS3eJyNaenoz7XhI9bTKefRkaByxIhzRNIM/ZfrUdblpxdUzoIVO'
151,"I saw a strange creature. Long, hard, and straight, thrusting into a round, dark opening. Preparing to discharge its load of lives. Puffing and squealing noises accompanied it, then a final screech as it slowed and stopped.",b'$2b$12$bJS3eJyNaenoz7XhI9bTKeYj8L49y/J7wloZ4zxLi4O9wqxpcifKq'
152,"Large as a mountain, small as a pea, endlessly swimming in a waterless sea.",b'$2b$12$bJS3eJyNaenoz7XhI9bTKeWKTcQdSzKNl.0Q1kcWDQe54j70NIc0q'
153,"I do not breathe, but I run and jump. I do not eat, but I swim and stretch. I do not drink, but I sleep and stand. I do not think, but I grow and play. I do not see, but you see me everyday.",b'$2b$12$bJS3eJyNaenoz7XhI9bTKedGnwSzCDC6uV1TbrEiYnrUib7Y/opPW'
154,"When liquid splashes me, none seeps through. When I am moved a lot, liquid I spew. When I am hit, color I change. And color, I come in quite a range. What I cover is very complex, and I am very easy to flex.",b'$2b$12$bJS3eJyNaenoz7XhI9bTKesWEp48ydbQZAYxEZi0MaDe9uDZxZOga'
155,"Give it food and it will live, give it water and it will die.",b'$2b$12$bJS3eJyNaenoz7XhI9bTKe95U6.yzSOkuNEL/I1v1x.x573ZrgCAi'
156,A nut cracker up in a tree.,b'$2b$12$bJS3eJyNaenoz7XhI9bTKepMV4L/Pc4Piht.rsopLAQtoNPulXjWG'
157,"What happens every second, minute, month, and century. But not every hour, week, year, or decade?",b'$2b$12$bJS3eJyNaenoz7XhI9bTKeaGR53sulmiWylsVllUWJPP85srOnW9.'
158,"It has no top or bottom, but it can hold flesh, bones, and blood all at the same time.",b'$2b$12$bJS3eJyNaenoz7XhI9bTKeBC2XHEfddglZfUOfWTfaKO0wvxtKFZa'
159,"I am free for the taking. Through all of your life, though given but once at birth. I am less than nothing in weight, but will fell the strongest of you if held.",b'$2b$12$bJS3eJyNaenoz7XhI9bTKezo5uLqF.CY00/xJAl6o1YUO4P37xeTq'
160,"My first is in blood and also in battle. My second is in acorn, oak, and apple. My third and fourth are both the same. In the center of sorrow and twice in refrain. My fifth starts eternity ending here. My last is the first of last, Oh Dear.",b'$2b$12$bJS3eJyNaenoz7XhI9bTKec6ukAHKZ801ng.xmlzZQs8CrZooXn5a'
161,"When I'm metal or wood, I help you get home. When I'm flesh and I'm blood. In the darkness I roam.",b'$2b$12$bJS3eJyNaenoz7XhI9bTKeqOtJ2Z5m3pitSiqA.TuPaurPj1PWo1C'
162,"I march before armies, a thousand salute me. My fall can bring victory, but no one would shoot me. The wind is my lover, one-legged am I. Name me and see me at home in the sky.",b'$2b$12$bJS3eJyNaenoz7XhI9bTKeZlydsecTvFY/FGcUcjeE2fDh57IOfv.'
163,"Tool of thief, toy of queen. Always used to be unseen. Sign of joy, sign of sorrow. Giving all likeness borrowed.",b'$2b$12$bJS3eJyNaenoz7XhI9bTKexICpT1MYRrcnpe00WKr9v4FSNmmZtWG'
164,What five-letter word becomes shorter when you add two more letters?,b'$2b$12$bJS3eJyNaenoz7XhI9bTKeSKyYu0fS6d8uPCKqlN7/Ef1m4v5z.n6'
165,"What is pronounced like one letter, written with three letters. And belongs to all animals?",b'$2b$12$bJS3eJyNaenoz7XhI9bTKe5GIzl9irj/XXvAJb/U6HSdYuw/AjKpe'
166,"What is it that given one, you'll have either two or none?",b'$2b$12$bJS3eJyNaenoz7XhI9bTKeKYkkrmZDKb1Oi/IFjI8lyufA/VxTvGG'
167,"It is greater than God and more evil than the devil. The poor have it, the rich need it, and if you eat it you'll die.",b'$2b$12$bJS3eJyNaenoz7XhI9bTKefni9nOJSP5aI.3zpywILJKnrgMOWbq2'
168,What gets bigger the more you take away from it?,b'$2b$12$bJS3eJyNaenoz7XhI9bTKeD97CxNn8CA6SixUnMWBDxA8jiQSG/au'
169,"The more of it there is, the less you see.",b'$2b$12$bJS3eJyNaenoz7XhI9bTKe3QtgCbloxW98hO.TPPS6Leo9q3tFx8W'
170,"To cross the water I'm the way, for water I'm above. I touch it not and, truth to say, I neither swim nor move.",b'$2b$12$bJS3eJyNaenoz7XhI9bTKebc9MjDNgXqkJzW1.thZAtXOJ78iQ3hq'
171,"As beautiful as the setting sun, as delicate as the morning dew. An angel's dusting from the stars. That can turn the Earth into a frosted moon.",b'$2b$12$bJS3eJyNaenoz7XhI9bTKeB1lGISBZ1dwM6CCmrKwtfA0GtYFwdeq'
172,When set loose I fly away. Never so cursed as when I go astray.,b'$2b$12$bJS3eJyNaenoz7XhI9bTKekY78fq4/cvsv/YYZDLfcC/.VFfO5Aba'
173,How far will a blind dog walk into a forest?,b'$2b$12$bJS3eJyNaenoz7XhI9bTKevtDMcnU4sG.JY9jTZRJ5yXTxS/Qpn6S'
174,"My first is in wield, sever bones and marrow. My second is in blade, forged in cold steel. My third is an arbalest, and also in arrows. My fourth is in power, plunged through a shield. My fifth is in honor, and also in vows. My last will put an end to it all.",b'$2b$12$bJS3eJyNaenoz7XhI9bTKe1xvyJkh3/PC0sA5rabD6IAeRbTyVlt.'
175,"Face with a tree, skin like the sea. A great beast I am. Yet vermin frightens me.",b'$2b$12$bJS3eJyNaenoz7XhI9bTKeWSlKgOB9Ks1NQAeAdj45v6AulqR6Vp2'
176,"I sleep by day, I fly by night. I have no feathers to aid my flight.",b'$2b$12$bJS3eJyNaenoz7XhI9bTKeqOtJ2Z5m3pitSiqA.TuPaurPj1PWo1C'
177,"I am mother and father, but never birth or nurse. I'm rarely still, but I never wander.",b'$2b$12$bJS3eJyNaenoz7XhI9bTKePuuYliZI78OXSo6uemB.lXT/ebK7t/G'
178,"What goes in the water red, and comes out black?",b'$2b$12$bJS3eJyNaenoz7XhI9bTKeKnEQL/dugKcYQ9gz0xi0WL4NvDIhqEG'
179,"Grows from the ground, bushes and grass, leaves of yellow, red and brow, unruly plants, get the axe, trim the hedge back down.",b'$2b$12$bJS3eJyNaenoz7XhI9bTKeRghqkYtiJpfmV1kBZ.GZx/qhdvHJL56'
180,What can touch someone once and last them a life time?,b'$2b$12$bJS3eJyNaenoz7XhI9bTKeWRYZtHHcaORJlJCgBtIL7/BP.i4Gzn.'
181,"A dragons tooth in a mortals hand, I kill, I maim, I divide the land.",b'$2b$12$bJS3eJyNaenoz7XhI9bTKe3tHPDItn6oWyETJS8SlVs4p4n1avKZe'
182,"You will find me with four legs, but no hair. People ride me for hours, but I don't go anywhere without needing to be tugged. Jerked or turned on, I always manage to be ready for work.",b'$2b$12$bJS3eJyNaenoz7XhI9bTKeMMXBOU.g4hfpjlBAAAKMUoVNXDYTsyi'
183,No sooner spoken than broken.,b'$2b$12$bJS3eJyNaenoz7XhI9bTKeSECZfykDAq7hUL9C2fqTJUVEIRc3Uqq'
184,"Though desert men once called me God, today men call me mad. For I wag my tail when I am angry. And growl when I am glad.",b'$2b$12$bJS3eJyNaenoz7XhI9bTKeD5WiG9hIJCY.V3621M/IMUeV1h0cqE2'
185,"An open ended barrel, it is shaped like a hive. It is filled with the flesh, and the flesh is alive.",b'$2b$12$bJS3eJyNaenoz7XhI9bTKec.Z6aQwD8OkzaFh1mqR60RyHBop1UMq'
186,What kind of pet always stays on the floor?,b'$2b$12$bJS3eJyNaenoz7XhI9bTKekgGnshZzpjObFvn3nPIfbCEyDnChjKe'
187,What flies without wings? What passes all things? What mends all sorrow? What brings the morrow?,b'$2b$12$bJS3eJyNaenoz7XhI9bTKe/7WcU6vFQPixA1eiUGDO5pqButdl6LC'
188,"What has a neck and no head, two arms but no hands?",b'$2b$12$bJS3eJyNaenoz7XhI9bTKeBX.Jvr1HOrY6gN78hvrEOVbcGNGwtcO'
189,"Two in a corner, one in a room, none in a house, but one in a shelter.",b'$2b$12$bJS3eJyNaenoz7XhI9bTKe22aZPQYfGifqqoZCJ96l10klQddl.EC'
190,"What does no man want, yet no man want to lose?",b'$2b$12$bJS3eJyNaenoz7XhI9bTKeQyQU7qClPu0WTIrShuqUbc3FuwUAfyO'
191,"I am the heart that does not beat. If cut, I bleed without blood. I can fly, but have no wings. I can float, but have no fins. I can sing, but have no mouth.",b'$2b$12$bJS3eJyNaenoz7XhI9bTKes41SHKNXckW3TW4jhtMJUDk4HNWw1tS'
192,"Weight in my belly, trees on my back, nails in my ribs, feet I do lack.",b'$2b$12$bJS3eJyNaenoz7XhI9bTKeyhGsjyiQRMFSvOh2VDg1D3qxYuvKlAO'
193,What is that over the head and under the hat?,b'$2b$12$bJS3eJyNaenoz7XhI9bTKeRghqkYtiJpfmV1kBZ.GZx/qhdvHJL56'
194,I bind it and it walks. I loose it and it stops.,b'$2b$12$bJS3eJyNaenoz7XhI9bTKe4LZOzIeHy9M5n1cpOukJxU.Vq8al2bK'
195,"My voice is tender, my waist is slender and I'm often invited to play. Yet wherever I go, I must take my bow or else I have nothing to say.",b'$2b$12$bJS3eJyNaenoz7XhI9bTKel6azmn82Mb/HXpcvZEsIP682/hBDgh2'
196,"Lovely and round, I shine with pale light, grown in the darkness, a lady's delight.",b'$2b$12$bJS3eJyNaenoz7XhI9bTKeSRoAwELOGNFFWOszRpAqgOMQiKadYae'
197,The strangest creature you'll ever find has two eyes in front and a hundred behind.,b'$2b$12$bJS3eJyNaenoz7XhI9bTKebutHuc1tHbnU5n8T3/G.7zK.4uBWEqK'
198,A little pool with two layers of wall around it. One white and soft and the other dark and hard. Amidst a light brown grassy lawn with an outline of a green grass.,b'$2b$12$bJS3eJyNaenoz7XhI9bTKeIVTDaOwkDeLRN7Ulga7ueXxuBvHsEUy'
199,"I open wide and tight I shut, Sharp am I and paper-cut fingers too, so do take care, I'm good and bad, so best beware.",b'$2b$12$bJS3eJyNaenoz7XhI9bTKe5XetSSLTGqJVNg0UcGZ.Tlj8GagX6aW'
200,"Only one color, but not one size. Stuck at the bottom, yet easily flies. Present in sun, but not in rain. Doing no harm, and feeling no pain.",b'$2b$12$bJS3eJyNaenoz7XhI9bTKeHBXcKZt/0eFXiEde6aFUJVtWIMQQYle'
201,A house of wood in a hidden place. Built without nails or glue. High above the earthen ground. It holds pale gems of blue.,b'$2b$12$bJS3eJyNaenoz7XhI9bTKeqhcIbrsefiVmOl5Wnoi6TlXKByVonF6'
202,"Who spends the day at the window, goes to the table for meals. And hides at night?",b'$2b$12$bJS3eJyNaenoz7XhI9bTKeo4Tsry8iDWGsDhwb.unGbef.B8i1Y0G'
203,"The beginning of eternity, the end of time and space, the beginning of every end, the end of every place.",b'$2b$12$bJS3eJyNaenoz7XhI9bTKeJfEdwtceHj9f4.xexnSdfbKOHzYQMrS'
204,"Always old, sometimes new. Never sad, sometimes blue. Never empty, sometimes full. Never pushes, always pulls.",b'$2b$12$bJS3eJyNaenoz7XhI9bTKevCmdHUC5/H80a15wplH1LUELFPvMzly'
205,"I bubble and laugh and spit water in your face. I am no lady, and I don't wear lace.",b'$2b$12$bJS3eJyNaenoz7XhI9bTKe/sAPhm/kL.rtY8rxTYwtJD0.ulqw802'
206,"My teeth are sharp, my back is straight, to cut things up it is my fate.",b'$2b$12$bJS3eJyNaenoz7XhI9bTKewre2VZ/B3LaA4SLsD8AiTvA0XqGAnTS'
207,"I love to dance and twist and prance. I shake my tail, as away I sail. Wingless I fly into the sky.",b'$2b$12$bJS3eJyNaenoz7XhI9bTKeHaOxNqqWGf/ZPnJDCv0er1RKLapXnTa'
208,I usually wear a yellow coat. I usually have a dark head. I make marks wherever I go.,b'$2b$12$bJS3eJyNaenoz7XhI9bTKeX9SuOFLYgIUID5man0DCsslPYDxXw.u'
209,"My life is often a volume of grief, your help is needed to turn a new leaf. Stiff is my spine and my body is pale. But I'm always ready to tell a tale.",b'$2b$12$bJS3eJyNaenoz7XhI9bTKe91ea02oPzoRz3eZAXqr8AbAKcG/qCQe'
210,"I cost no money to use, or conscious effort to take part of. And as far as you can see, there is nothing to me. But without me, you are dead.",b'$2b$12$bJS3eJyNaenoz7XhI9bTKejaQ5rg5vUnmqqUFpvVdrsPt2ZfgvDnK'
211,"Soldiers line up spaced with pride. Two long rows lined side by side. One sole unit can decide, if the rows will unit or divide.",b'$2b$12$bJS3eJyNaenoz7XhI9bTKemZ9QVysTmH47qsPWs6MgRFZqE39Kk4y'
212,What measures out time. Until in time all is smashed to it?,b'$2b$12$bJS3eJyNaenoz7XhI9bTKeRBhPmIAD.e2Cy.fHo2jwGRM8sEbEFsm'
213,I turn around once. What is out will not get in. I turn around again. What is in will not get out.,b'$2b$12$bJS3eJyNaenoz7XhI9bTKeEucXlN2aWNe4He5dro/BBA0Wqfkd0nq'
214,Who is he that runs without a leg. And his house on his back?,b'$2b$12$bJS3eJyNaenoz7XhI9bTKeXdxuqH9gmJ2na0cnbgxP69kS1wuGTKu'
215,When the day after tomorrow is yesterday. Today will be as far from Wednesday. As today was from Wednesday. When the day before yesterday was tomorrow. What is the day after this day?,b'$2b$12$bJS3eJyNaenoz7XhI9bTKeJcYA4rtN6vmuIsUdJurhoXFYCbhTxMm'
216,"What has roots as nobody sees, is taller than trees. Up, up it goes, and yet never grows?",b'$2b$12$bJS3eJyNaenoz7XhI9bTKekdTqXbbndQs3wk395CNVnlQf6Yk1Js6'
217,Come up and let us go. Go down and here we stay.,b'$2b$12$bJS3eJyNaenoz7XhI9bTKeV8rj76ag6scgp9jQvaxdJtGHQKyRKtu'
218,"They have not flesh, nor feathers, nor scales, nor bone. Yet they have fingers and thumbs of their own.",b'$2b$12$bJS3eJyNaenoz7XhI9bTKeto5wYn1M.xP5ceWDZjGYAv41krV9tYq'
219,Long slim and slender. Dark as homemade thunder. Keen eyes and peaked nose. Scares the Devil wherever it goes.,b'$2b$12$bJS3eJyNaenoz7XhI9bTKe3MvqXeAKwjiF0EhF1ajDnWA9jFdq72e'
220,"What is put on a table, cut, but never eaten?",b'$2b$12$bJS3eJyNaenoz7XhI9bTKefq5yt6VfbvFAoWwx6D69wyGOzosjGkC'
221,"The sharp slim blade, that cuts the wind.",b'$2b$12$bJS3eJyNaenoz7XhI9bTKet7nXPM9vR0xtX1ZMuKi1ta4Rz5IG.MS'
222,"Although my cow is dead, I still beat herÂ… What a racket she makes.",b'$2b$12$bJS3eJyNaenoz7XhI9bTKezNx/6Q3/JClycV1M2fc45taIlRZxw7y'
223,"It sat upon a willow tree, and sang softly unto me. Easing my pain and sorrow with its song. I wished to fly, but tarried long. And in my suffering, the willow was like a cool clear spring. What was it that helped me so? To spend my time in my woe.",b'$2b$12$bJS3eJyNaenoz7XhI9bTKeOkMiKoYk1tuo8Kb.5AKAx.vPC6Vj9zG'
224,"I have four wings but cannot fly. I never laugh and never cry. On the same spot always found, toiling away with little sound.",b'$2b$12$bJS3eJyNaenoz7XhI9bTKeUPX3aFlvxAjJghT1oLErlPH/tyQkgN6'
225,"I am never quite what I appear to be. Straight-forward I seem, but it's only skin deep. For mystery most often lies beneath my simple speech. Sharpen your wits, open your eyes, look beyond my exteriors, read me backwards, forwards, upside down. Think and answer the question...What am I?",b'$2b$12$bJS3eJyNaenoz7XhI9bTKe83HlvsAjsf.iT9pZLmXJQG6zdlG.aL.'
226,"All about the house, with his lady he dances, yet he always works, and never romances.",b'$2b$12$bJS3eJyNaenoz7XhI9bTKeSKMp/vF3OcszdzWxNvRNVaxe.2b/uXq'
227,"I walked and walked and at last I got it. I didn't want it. So I stopped and looked for it. When I found it, I threw it away.",b'$2b$12$bJS3eJyNaenoz7XhI9bTKesod4MYOssk5CnfCCYCJtx04F/rD03aO'
228,Two in a whole and four in a pair. And six in a trio you see. And eight's a quartet but what you must get. Is the name that fits just one of me?,b'$2b$12$bJS3eJyNaenoz7XhI9bTKeFhHLMqQGisU.F3utbSrG73hU2Ys1ECG'
229,"I drive men mad for love of me. Easily beaten, never free.",b'$2b$12$bJS3eJyNaenoz7XhI9bTKeoyYPVi.iD9E4DnkWcmyn4fJ40V23xGq'
230,"I go around in circles, but always straight ahead. Never complain, no matter where I am led.",b'$2b$12$bJS3eJyNaenoz7XhI9bTKenCYzVRoXnWp8JsLg6aSLaq7ZBMra8D6'
231,You use a knife to slice my head. And weep beside me when I am dead.,b'$2b$12$bJS3eJyNaenoz7XhI9bTKe9aYuIKWDbqsZFLoaGZOamqoGauJh4j.'
232,"Turns us on our backs, and open up our stomachs. You will be the wisest of men though at start a lummox.",b'$2b$12$bJS3eJyNaenoz7XhI9bTKefNDyr4W5/aczHi9MClLdGEhGGQQGL5G'
233,"Thousands lay up gold within this house. But no man made it. Spears past counting guard this house, but no man wards it.",b'$2b$12$bJS3eJyNaenoz7XhI9bTKeG4PDk19Skm/8w32PGcnKW5WKJRpwbb.'
234,What goes around the world and stays in a corner?,b'$2b$12$bJS3eJyNaenoz7XhI9bTKe9ceIu7TrIODVIvBsh.sabJhv/XVDN5e'
235,What has to be broken before it can be used?,b'$2b$12$bJS3eJyNaenoz7XhI9bTKedrvEmvl81TYdshGzVDHjNlwlen48Nw2'
236,"Creatures of power, creatures of grade, creatures of beauty, creatures of strength. As for their lives, they set everything's pace. For all things must come to live. Under their emerald embraceÂ…Either in their life or in their death.",b'$2b$12$bJS3eJyNaenoz7XhI9bTKeRF5hfpCbcolagoPuXlWXyj7wcqCGCte'
237,"Double my number, I'm less than a score. Half of my number is less than four. Add one to my double when bakers are near. Days of the week are still greater, I fear.",b'$2b$12$bJS3eJyNaenoz7XhI9bTKegtlvh3aer8PN6iltrJmY7nri.BkIp4K'
238,"In buckles or lace, they help set the pace. The farther you go, the thinner they grow.",b'$2b$12$bJS3eJyNaenoz7XhI9bTKeq7ZZo8.Lf6rXrec1VoF4MbSpgqj49Sm'
239,"When young, I am sweet in the sun. When middle-aged, I make you gay. When old, I am valued more than ever.",b'$2b$12$bJS3eJyNaenoz7XhI9bTKejVYtNiBecG0nsIm68G030/r.j0lzsf6'
240,"Forward I'm heavy, but backwards I'm not.",b'$2b$12$bJS3eJyNaenoz7XhI9bTKeUkHtrfEEam6ckZUoPdMrLxYKemdr/m2'
241,"Hard to catch, easy to hold. Can't be seen, unless it's cold.",b'$2b$12$bJS3eJyNaenoz7XhI9bTKezo5uLqF.CY00/xJAl6o1YUO4P37xeTq'
242,"I am two-faced but bear only one. I have no legs but travel widely. Men spill much blood over me. Kings leave their imprint on me. I have greatest power when given away, yet lust for me keeps me locked away.",b'$2b$12$bJS3eJyNaenoz7XhI9bTKeMS8x9ibnmKoG7FzJYa50Rb6ELquz7mi'
243,Two little holes in the side of a hill. Just as you come to the cherry-red mill.,b'$2b$12$bJS3eJyNaenoz7XhI9bTKeGpLxY0gTzkssrN31dT7XVUne/Qx9RjW'
244,"When you stop and look, you can always see me. If you try to touch, you cannot feel me. I cannot move, but as you near me, I will move away from you.",b'$2b$12$bJS3eJyNaenoz7XhI9bTKeUGldFi2IJ/6ozkEV2/tUf2kN7Ad3djC'
245,"A dagger thrust at my own heart, dictates the way I'm swayed. Left I stand, and right I yield, to the twisting of the blade.",b'$2b$12$bJS3eJyNaenoz7XhI9bTKeGOULn5U2EROWAFV39th0RZD3h0NBPdO'
246,"What instrument can make any sound and be heart, but not touched or seen?",b'$2b$12$bJS3eJyNaenoz7XhI9bTKeX6M.1GqOT2hefPqhK1I8jnKyvFoSzA.'
247,What goes further the slower it goes?,b'$2b$12$bJS3eJyNaenoz7XhI9bTKeJ8LkmZ/mldnFcwpx5lUmbZbKm0IRnjO'
248,"I can run but not walk. Wherever I go, thought follows close behind.",b'$2b$12$bJS3eJyNaenoz7XhI9bTKeGpLxY0gTzkssrN31dT7XVUne/Qx9RjW'
249,"Used left or right, I get to travel over cobblestone or gravel. Used up, I vie for sweet success, used down, I cause men great duress.",b'$2b$12$bJS3eJyNaenoz7XhI9bTKe0rf9V2yZF3pEuyvkyMdLv/j.GKvmHSK'
250,What goes through the door without pinching itself? What sits on the stove without burning itself? What sits on the table and is not ashamed?,b'$2b$12$bJS3eJyNaenoz7XhI9bTKencIRt0QYcdw6II/01dWw6ggkd4jzB2a'
251,The moon is my father. The sea is my mother. I have a million brothers. I die when I reach land.,b'$2b$12$bJS3eJyNaenoz7XhI9bTKe3wdPeEKYt3nwNlwpEfp6rdZr0MRq6Uu'
252,What always goes to bed with his shoes on?,b'$2b$12$bJS3eJyNaenoz7XhI9bTKeUAtGLHy0AfqA/AHmVT1KZDWi5fwv7zK'
253,My thunder comes before the lightning. My lightning comes before the clouds. My rain dries all the land it touches.,b'$2b$12$bJS3eJyNaenoz7XhI9bTKeafcRkn662IB14DjVRSuqV8ubYJ492ry'
254,"My love, when I gaze on thy beautiful face. Careering along, yet always in place, the thought has often come into my mind. If I ever shall see thy glorious behind.",b'$2b$12$bJS3eJyNaenoz7XhI9bTKevCmdHUC5/H80a15wplH1LUELFPvMzly'
255,"What starts with a 'T', ends with a 'T', and has T in it?",b'$2b$12$bJS3eJyNaenoz7XhI9bTKeIxC3JHC46yL8GFG8duedr5ispHycMgi'
256,"Today he is there to trip you up. And he will torture you tomorrow. Yet he is also there to ease the pain, when you are lost in grief and sorrow.",b'$2b$12$bJS3eJyNaenoz7XhI9bTKe0bnlHVRJuMLkoeAgA0Lxwd3H7YJAJzu'
257,"I can be moved. I can be rolled. But nothing will I hold. I'm red and I'm blue, and I can be other colors too. Having no head, though similar in shape. I have no eyes - yet move all over the place.",b'$2b$12$bJS3eJyNaenoz7XhI9bTKeVVsYbrbcbByxbgU6SDQ8hkaK9ji2ZaS'
258,"Inside a burning house, this thing is best to make. And best to make it quickly, before the fire's too much to take.",b'$2b$12$bJS3eJyNaenoz7XhI9bTKeSyn.H8Yx6W3JsgKpk0j6zdcDPbXwH7m'
259,"What is round as a dishpan, deep as a tub, and still the oceans couldn't fill it up?",b'$2b$12$bJS3eJyNaenoz7XhI9bTKeY.FHvRyM2ykIMZ..Fe/lx7AEU2xSX0q'
260,"My first is in some but not in all. My second is into but not in tall. My third in little but no in big. My fourth in port but not in pig. My whole is made in nature's way. For clothing, rugs used every day.",b'$2b$12$bJS3eJyNaenoz7XhI9bTKe/AhKI/5rf5owydVOoaite.qz8/8mb1q'
261,"Gets rid of bad ones, short and tall. Tightens when used, one size fits all.",b'$2b$12$bJS3eJyNaenoz7XhI9bTKebMHw7wxK/WCntY2EPXSPDepSKqT8e8W'
262,What gets wetter the more it dries.,b'$2b$12$bJS3eJyNaenoz7XhI9bTKeuGYonlhGrCZUSHj3iqT7G1IrfzT/TN.'
263,"A little house full of meat, no door to go in and eat.",b'$2b$12$bJS3eJyNaenoz7XhI9bTKe0WYl/at/Vhq8k0qz.meAE5dn9FY3xbO'
264,A beggar's brother went out to sea and drowned. But the man who drowned had no brother. Who was the beggar to the man who drowned?,b'$2b$12$bJS3eJyNaenoz7XhI9bTKeh2rO9N13XKiu35HZzTO/Cs3PklUx3A.'
265,"I can be written, I can be spoken, I can be exposed, I can be broken.",b'$2b$12$bJS3eJyNaenoz7XhI9bTKeCoOybG5A31ZH7ybPVapMW554uN.9832'
266,"A horrid monster hides from the day, with many legs and many eyes. With silver chains it catches prey. And eats it all before it dies. Yet in every cottage does it stay. And every castle beneath the sky.",b'$2b$12$bJS3eJyNaenoz7XhI9bTKeYzT.XUxyecq7LnGzYTqSnrbMVGH1wMa'
267,"Five hundred begins it, five hundred ends it. Five in the middle is seen. First of all figures, the first of all letters. Take up their stations between. Join all together, and then you will bring before you the name of an eminent king.",b'$2b$12$bJS3eJyNaenoz7XhI9bTKeFVdkMjfNo4w4FJ95tqHHk9Yy7EV83pa'
268,"Tall in the morning, short at noon, gone at night. But I'll be back soon.",b'$2b$12$bJS3eJyNaenoz7XhI9bTKeHBXcKZt/0eFXiEde6aFUJVtWIMQQYle'
269,"In the night a mountain, in the morning a meadow.",b'$2b$12$bJS3eJyNaenoz7XhI9bTKeLQyqKaeKC1S97gqn9KDJS57RqWoKwEa'
270,What can be heard and caught but never seen?,b'$2b$12$bJS3eJyNaenoz7XhI9bTKeL6OFVwRbsMxyIh4EEy5eSgoPxw8k9SC'
271,"I can sizzle like bacon, I am made with an egg. I have plenty of backbone, but lack a good leg. I peel layers like onions, but still remain whole. I can be long, like a flagpole, yet fit in a hole.",b'$2b$12$bJS3eJyNaenoz7XhI9bTKe3MvqXeAKwjiF0EhF1ajDnWA9jFdq72e'
272,"If a man carried my burden, he would break his back. I am not rich, but leave silver in my track.",b'$2b$12$bJS3eJyNaenoz7XhI9bTKeXdxuqH9gmJ2na0cnbgxP69kS1wuGTKu'
273,"High born, my touch is gentle. Purest white is my lace. Silence is my kingdom. Green is the color of my death.",b'$2b$12$bJS3eJyNaenoz7XhI9bTKeB1lGISBZ1dwM6CCmrKwtfA0GtYFwdeq'
274,"You heard me before, yet you hear me again, then I die. Until you call me again.",b'$2b$12$bJS3eJyNaenoz7XhI9bTKezRbluKPtbudrnQSMiXsrEg9PQrZTFGy'
275,What wears a coat in the winter and pants in the summer?,b'$2b$12$bJS3eJyNaenoz7XhI9bTKes7FhIj9wWJutRIQj2vIMm78T8zO.4Au'
276,"I'm not really more than holes tied to more holes. I'm strong as good steel, though not as stiff as a pole.",b'$2b$12$bJS3eJyNaenoz7XhI9bTKelU64tfQppl.g8RzhQCUZshVJZTUpCKK'
277,"I am the third from a sparkle bright, I thrive throughout the day and night. Deep in the path of a cows white drink. I've had thousands of millions of years to think. But one of my creatures is killing me. And so the question I ask to thee, is who am I?",b'$2b$12$bJS3eJyNaenoz7XhI9bTKe.RMdNkFadVQmqcegCLCKHXuaPwVL33G'
278,Up on high I wave away but not a word can I say.,b'$2b$12$bJS3eJyNaenoz7XhI9bTKeZlydsecTvFY/FGcUcjeE2fDh57IOfv.'
279,"I am whole but incomplete. I have no eyes, yet I see. You can see, and see right through me. My largest part is one fourth of what I once was.",b'$2b$12$bJS3eJyNaenoz7XhI9bTKeQvC2P0if10augm.QRRems3MVpg02GXe'
280,"They're up near the sky, on something very tall. Sometimes they die, only then do they fall.",b'$2b$12$bJS3eJyNaenoz7XhI9bTKeUYmklivdafwsmZf75Eke9hNmG6GiQzS'
281,"Toss me out of the window. You'll find a grieving wife. Pull me back but through the door, and watch someone give life.",b'$2b$12$bJS3eJyNaenoz7XhI9bTKeaGR53sulmiWylsVllUWJPP85srOnW9.'
282,"A time when they're green. A time when they're brown. But both of these times, cause me to frown. But just in between, for a very short while. They're perfect and yellow. And cause me to smile.",b'$2b$12$bJS3eJyNaenoz7XhI9bTKeSrwe51hVkJZl45xkvwzeGDZNg7mFMZG'
283,I build up castles. I tear down mountains. I make some men blind. I help others to see.,b'$2b$12$bJS3eJyNaenoz7XhI9bTKeRBhPmIAD.e2Cy.fHo2jwGRM8sEbEFsm'
284,"Round as a button, deep as a well. If you want me to talk, you must first pull my tail.",b'$2b$12$bJS3eJyNaenoz7XhI9bTKeR.zCqXZeTbBES15EaBx3WRp7yoBd31S'
285,"A house with two occupants, sometimes one, rarely three. Break the walls, eat the boarders, then throw away me.",b'$2b$12$bJS3eJyNaenoz7XhI9bTKePFezRSAL1IIjqAXxebC9tmxphqKRiL.'
286,"My first master has four legs, my second master has two. My first I serve in life, my second I serve in death. Tough I am, yet soft beside. Against ladies cheeks I often reside.",b'$2b$12$bJS3eJyNaenoz7XhI9bTKeAyd.ydvGZVOUimOm/n9V4lRsJg/i5ia'
287,I have one eye. See near and far. I hold the moments you treasure and the things that make you weep.,b'$2b$12$bJS3eJyNaenoz7XhI9bTKei8XNXQHk9w0yKUqncsfHoNJOeXkkiJi'
288,"There are two meanings to me. With one I may need to be broken, with the other I hold on. My favorite characteristic is my charming dimple.",b'$2b$12$bJS3eJyNaenoz7XhI9bTKeRfc2CNa3R/7r1oEDvvOxbSPWxEfoh46'
289,With sharp edged wit and pointed poise. It can settle disputes without making a noise.,b'$2b$12$bJS3eJyNaenoz7XhI9bTKe3tHPDItn6oWyETJS8SlVs4p4n1avKZe'
290,"Lighter than what I am made of, more of me is hidden than is seen. I am the bane of the mariner. A tooth within the sea.",b'$2b$12$bJS3eJyNaenoz7XhI9bTKeBzY/6GoIM9tq8wFrwCFKEgjzikpUBAG'
291,"I have one, you have one. If you remove the first letter, a bit remains. If you remove the second, bit still remains. If you remove the third, it still remains.",b'$2b$12$bJS3eJyNaenoz7XhI9bTKeCr.JsbK0zeBNTEKLSJe./G4KMQfrcNW'
292,"Kings and queens may cling to power. And the jester's got his call. But, as you may all discover. The common one outranks them all.",b'$2b$12$bJS3eJyNaenoz7XhI9bTKeegLvF2bPmr5UwrSgtAZlIMubbV2DKFy'
293,Glittering points that downward thrust. Sparkling spears that never rust.,b'$2b$12$bJS3eJyNaenoz7XhI9bTKeTfrDnWpynmrM2c14yO4gg.NOfC7WPc2'
294,My first is in fish but no in snail. My second is in rabbit but no in tail. My third is in up but not in down. My fourth is in tiara but not in crown. My fifth is in tree you plainly see. My whole a food for you and me.,b'$2b$12$bJS3eJyNaenoz7XhI9bTKenNK3t5V2yaM2A.26KEWptSHL/85q6iy'
295,"What I am filled, I can point the way. When I am empty. Nothing moves me. I have two skins. One without and one within.",b'$2b$12$bJS3eJyNaenoz7XhI9bTKeto5wYn1M.xP5ceWDZjGYAv41krV9tYq'
296,My first is in window but not in pane. My second's in road but not in lane. My third is in oval but not in round. My fourth is in hearing but not in sound. My whole is known as a sign of peace. And from noah's ark won quick release.,b'$2b$12$bJS3eJyNaenoz7XhI9bTKe843BsonUmJu3lLhqs7zHoPjelWRMFAa'
297,If you drop me I'm sure to crack. But give me a smile and I'll always smile back.,b'$2b$12$bJS3eJyNaenoz7XhI9bTKeqB5AFmqyog2u3F.jYdstNj1DQvQrIWy'
298,"I make you weak at the worst of all times. I keep you safe, I keep you fine. I make your hands sweat. And your heart grow cold. I visit the weak, but seldom the bold.",b'$2b$12$bJS3eJyNaenoz7XhI9bTKe63E6raoEBo0Ld59/4XnOh3QdgmKDm0q'
299,I run through hills. I veer around mountains. I leap over rivers. And crawl through the forests. Step out your door to find me.,b'$2b$12$bJS3eJyNaenoz7XhI9bTKegzHWOhuPs2zvbztSjxZXDp2.koJkcYO'
300,You can see nothing else when you look in my face. I will look you in the eye and I will never lie.,b'$2b$12$bJS3eJyNaenoz7XhI9bTKeqB5AFmqyog2u3F.jYdstNj1DQvQrIWy'
301,I have split the one into five. I am the circle that few will spy. I am the path that breaks and gives. I am the bow no man may bend.,b'$2b$12$bJS3eJyNaenoz7XhI9bTKeMh6XzbpSb9EoSes4OwaexLH4nZwxvu2'
302,"A harvest sown and reaped on the same day in an unplowed field. Which increases without growing, remains whole though it is eaten within and without. Is useless and yet the staple of nations.",b'$2b$12$bJS3eJyNaenoz7XhI9bTKeUpKVZ3WFFYs55WC/kz0E9J26KsnwpWy'
303,Snake coiled round and round. Snake deep below the ground. Snake that's never had a head. Snake that binds but not with dread.,b'$2b$12$bJS3eJyNaenoz7XhI9bTKe0B4FiJ/7tbmM.7J58Asp2jmwaRc5Z3O'
304,My first is in ocean but never in sea. My second's in wasp but never in bee. My third is in glider and also in flight. My whole is a creature that comes out at night.,b'$2b$12$bJS3eJyNaenoz7XhI9bTKey2R6qx7bHmdZFI//u4VlnthlXCz4L8K'
305,Dies half its life. Lives the rest. Dances without music. Breathes without breath.,b'$2b$12$bJS3eJyNaenoz7XhI9bTKePuuYliZI78OXSo6uemB.lXT/ebK7t/G'
306,What runs around all day. Then lies under the bed. With its tongue hanging out?,b'$2b$12$bJS3eJyNaenoz7XhI9bTKe0kWt4.WsuvEl88VueLBCYPxyVu6J.Rq'
307,"It's true I bring serenity. And hang around the stars. But yet I live in misery, you'll find me behind bars. With thieves and villains I consort. In prison I'll be found. But I would never go to court. Unless there's more than one.",b'$2b$12$bJS3eJyNaenoz7XhI9bTKeOEp.mi06RgVuMhzNug46B1oTHFlBIsq'
308,"You must keep this thing. Its loss will affect your brothers. For once yours is lost, it will soon be lost by others.",b'$2b$12$bJS3eJyNaenoz7XhI9bTKeMZvBJ5mtubMDo/I9GQui77b6ZyEaRzy'
309,What can you catch but not throw?,b'$2b$12$bJS3eJyNaenoz7XhI9bTKeiX4evUaS.cW4IbmZO1dgickhkaIpCy6'
310,"Black we are and much admired. Men seek us if they are tired. We tire the horse, comfort man. Guess this riddle if you can.",b'$2b$12$bJS3eJyNaenoz7XhI9bTKenYEkSiY95rU0uX5VFx9qaYtDY8AfwyW'
311,"I have a face, yet no senses. But I don't really care, because time is of the essence.",b'$2b$12$bJS3eJyNaenoz7XhI9bTKe4L6SIUfSfxdqkCbagozEJ/Ofe0YZ6L2'
312,"If you have it, you want to share it. If you share it, you don't have it.",b'$2b$12$bJS3eJyNaenoz7XhI9bTKetXFN42TwwZ9gYJcwbPr0vx/12pzo2h.'
313,There is one in every corner and two in every room.,b'$2b$12$bJS3eJyNaenoz7XhI9bTKekqgplMScvb/30DJsbPnc1fvRzO/tn7u'
314,"It comes only before, it comes only after. Rises only in darkness, but rises only in light. It is always the same, but is yet always different.",b'$2b$12$bJS3eJyNaenoz7XhI9bTKevCmdHUC5/H80a15wplH1LUELFPvMzly'
315,"As soft as silk, as white as milk, as bitter as gall, a thick green wall, and a green coat covers me all.",b'$2b$12$bJS3eJyNaenoz7XhI9bTKeRz14ARGsGgIn7ExbWoHXguCQ4oUdMfC'
316,"We are little airy creatures, all of different voice and features, one of us in glass is set. One of us you'll find in jet. Another you may see in tin. And the fourth a box within. If the fifth you should pursue, it can never fly from you.",b'$2b$12$bJS3eJyNaenoz7XhI9bTKemOqunkW0lml2D4L9NF3LAS7lp.Df.Cu'
317,"Three little letters. A paradox to some. The worse that it is, the better it becomes.",b'$2b$12$bJS3eJyNaenoz7XhI9bTKei/SIksuKkZsKDhAhccyytllbc2pzYA.'
318,"Almost everyone needs it, asks for it, gives it. But almost nobody takes it.",b'$2b$12$bJS3eJyNaenoz7XhI9bTKeOvhepxzIWBkjxxR59fEyWUXvi.Fnk.6'
319,"Different lights do make me strange, thus into different sizes I will change.",b'$2b$12$bJS3eJyNaenoz7XhI9bTKeVc2cI35DZT2XScNvOjuc5YiUj8iEB8.'
320,"Ten men's strength, ten men's length. Ten men can't break it, yet a young boy walks off with it.",b'$2b$12$bJS3eJyNaenoz7XhI9bTKe0B4FiJ/7tbmM.7J58Asp2jmwaRc5Z3O'
321,"Some try to hide, some try to cheat. But time will show, we always will meet. Try as you might, to guess my name. I promise you'll know, when you I do claim.",b'$2b$12$bJS3eJyNaenoz7XhI9bTKegloDojWWOY3i63r8dQdqv1YFsoqZqZu'
322,I'm a god. I'm a planet. I measure heat.,b'$2b$12$bJS3eJyNaenoz7XhI9bTKe55aYTs5pnit4ZFLzaYPbhANst4.Q0wK'
323,"I'm white, I'm round, but not always around. Sometimes you see me, sometimes you don't.",b'$2b$12$bJS3eJyNaenoz7XhI9bTKevCmdHUC5/H80a15wplH1LUELFPvMzly'
324,People are hired to get rid of me. I'm often hiding under your bed. In time I'll always return you see. Bite me and you're surely dead.,b'$2b$12$bJS3eJyNaenoz7XhI9bTKe6iTc9k7MfrPQOUgavFyN9hMY69FfoIm'
325,"Die without me, never thank me. Walk right through me, never feel me. Always watching, never speaking. Always lurking, never seen.",b'$2b$12$bJS3eJyNaenoz7XhI9bTKejaQ5rg5vUnmqqUFpvVdrsPt2ZfgvDnK'
326,"White bird, featherless, flying out of paradise. Flying over sea and land. Dying in my hand.",b'$2b$12$bJS3eJyNaenoz7XhI9bTKeB1lGISBZ1dwM6CCmrKwtfA0GtYFwdeq'
327,"My life can be measured in hours. I serve by being devoured. Thin, I am quick. Fat, I am slow. Wind is my foe.",b'$2b$12$bJS3eJyNaenoz7XhI9bTKe/zUlxp2IvhTv9sJAygCw.OcxGFSlT2a'
328,What goes up but never comes down?,b'$2b$12$bJS3eJyNaenoz7XhI9bTKe44r1szzFCtacVGDq22kfHHBcGlTmJn.'
329,"We are all around, yet to us you are half blind. Sunlight makes us invisible, and difficult to find.",b'$2b$12$bJS3eJyNaenoz7XhI9bTKem6vhhPhS.HACasvNgF04HCaQW/n3AhS'
330,"What's large on Saturday and Sunday. Small on Tuesday, Wednesday, and Thursday, and disappears on Monday and Friday?",b'$2b$12$bJS3eJyNaenoz7XhI9bTKeOEp.mi06RgVuMhzNug46B1oTHFlBIsq'
331,What do you fill with empty hands?,b'$2b$12$bJS3eJyNaenoz7XhI9bTKeto5wYn1M.xP5ceWDZjGYAv41krV9tYq'
332,"Goes over all the hills and hollows. Bites hard, but never swallows.",b'$2b$12$bJS3eJyNaenoz7XhI9bTKe3hMv3L5lc/u7oZ/51dbwhwdYKjk3N5q'
333,"Stealthy as a shadow in the dead of night, cunning but affectionate if given a bite. Never owned but often loved. At my sport considered cruel, but that's because you never know me at all.",b'$2b$12$bJS3eJyNaenoz7XhI9bTKeD5WiG9hIJCY.V3621M/IMUeV1h0cqE2'
334,"A red drum which sounds without being touched, and grows silent, when it is touched.",b'$2b$12$bJS3eJyNaenoz7XhI9bTKe1YqLj59w7vNdNFhlgQ0YtzOAYzH3WdK'
335,"My second is performed by my first, and it is thought a thief by the marks of my whole might be caught.",b'$2b$12$bJS3eJyNaenoz7XhI9bTKe2WsdGKLzBa2ExsmtD4neoTam7zU/pWy'
336,The man who made it didn't need it. The man who bought it didn't use it. The man who used it didn't want it.,b'$2b$12$bJS3eJyNaenoz7XhI9bTKeQBGyaUV/30YQA6FrndmfGa.GmNitHtK'
337,"A hill full, a hole full, yet you cannot catch a bowl full.",b'$2b$12$bJS3eJyNaenoz7XhI9bTKeNP.Qx3lt9pW/XB5QfBDJHHT92DKC6VC'
338,I am a box that holds black and white keys without locks. Yet they can unlock your soul.,b'$2b$12$bJS3eJyNaenoz7XhI9bTKe61i6.VfqzlKZYRvOstYq1DTVevmsDHi'
339,"What is often returned, but never borrowed/",b'$2b$12$bJS3eJyNaenoz7XhI9bTKeAA5r5wD7QfPVTLe.yuuvfJsNUCMWhbm'
340,"A muttered rumble was heard from the pen, and I, in my walking stopped to look in. What was this I saw? A massive beast, hoofed, and jawed. With spikes upon its mighty brow, I watched as he struck the turf and prowled. And yet for all of his magnificence, he couldn't get out of that wooden fence.",b'$2b$12$bJS3eJyNaenoz7XhI9bTKeZW9Gv/3YdnY1cbn7CjhiJiUs6ctHNNq'
341,"What word has kst in the middle, in the beginning, and at the end?",b'$2b$12$bJS3eJyNaenoz7XhI9bTKemK7Txp1SgmMOyvqgU4gTPkqxNBwmksq'
342,"So cold, damp and dark this place. To stay you would refrain, yet those who occupy this place do never complain.",b'$2b$12$bJS3eJyNaenoz7XhI9bTKeKZh.P4yTBhbBNpifMoTg7udsOu94rpC'
343,What kind of nut is empty at the center and has no shell.,b'$2b$12$bJS3eJyNaenoz7XhI9bTKeXcfPkj/G0n9EsqE9KoDYxnJuzlEvwZu'
344,I have a title and many pages. I am a genteel of genteel descent. I am a killer veteran of war. I am a slave to my lord pledged to his service.,b'$2b$12$bJS3eJyNaenoz7XhI9bTKeKplvjSduhs2h.WAqJYrgksDKCxX9.hS'
345,"Of these things - I have two. One for me - and one for you. And when you ask about the price, I simply smile and nod twice.",b'$2b$12$bJS3eJyNaenoz7XhI9bTKeQ55OeXbmY2XunHDKjrlAN4bopuOjrkq'
346,At night I come without being fetched. By day I am lost without being stolen.,b'$2b$12$bJS3eJyNaenoz7XhI9bTKem6vhhPhS.HACasvNgF04HCaQW/n3AhS'
347,"Ripped from my mother's womb. Beaten and burned, I become a blood thirsty killer.",b'$2b$12$bJS3eJyNaenoz7XhI9bTKeKnEQL/dugKcYQ9gz0xi0WL4NvDIhqEG'
348,"I'm very tempting, so its said, I have a shiny coat of red, and my flesh is white beneath. I smell so sweet, taste good to eat, and help to guard your teeth.",b'$2b$12$bJS3eJyNaenoz7XhI9bTKeTi7tElpOTqCt.tTk1Ti3HEBgpTqoQWi'
349,"They made me a mouth, but didn't give me breath. Water gives me life, but the sun brings me death.",b'$2b$12$bJS3eJyNaenoz7XhI9bTKeDDZn9.k2AC8DkEg/.WbHKzqfMqL9UxS'
350,"I am as simple as a circle. Worthless as a leader, but when I follow a group. Their strength increases tenfold. By myself I am practically nothing. Neither negative or positive.",b'$2b$12$bJS3eJyNaenoz7XhI9bTKeXnQ5h41A/2prjhkQJEsaqH5/eZQg45y'
351,"I saw a man in white, he looked quite a sight. He was not old, but he stood in the cold. And when he felt the sun, he started to run. Who could he be? Please answer me.",b'$2b$12$bJS3eJyNaenoz7XhI9bTKeDDZn9.k2AC8DkEg/.WbHKzqfMqL9UxS'
352,We are five little objects of an everyday sort. You will find us all in a tennis court.,b'$2b$12$bJS3eJyNaenoz7XhI9bTKemOqunkW0lml2D4L9NF3LAS7lp.Df.Cu'
353,"What always runs but never walks, often murmurs, never talks. Has a bed but never sleeps, has a mouth but never eats?",b'$2b$12$bJS3eJyNaenoz7XhI9bTKecokXJwjRlO3dVdYJKUeK8T2bvlTz0ry'
354,"I can be cracked, I can be made. I can be told, I can be played.",b'$2b$12$bJS3eJyNaenoz7XhI9bTKekwfAkitp7t/BsnhjZZAOE79keHiRG3G'
355,My children are near and far. No matter that I know where they are. The gift I give them make their day. But if I were gone they would wander away.,b'$2b$12$bJS3eJyNaenoz7XhI9bTKencIRt0QYcdw6II/01dWw6ggkd4jzB2a'
356,"Screaming, soaring seeking sky. Flowers of fire flying high. Eastern art from ancient time. Name me now and solve this rhyme.",b'$2b$12$bJS3eJyNaenoz7XhI9bTKeWotVuwPGiuyIJNALQl41qHXSdSMuxH2'
357,"Who is it that rows quickly with four oars, but never comes out from under his own roof?",b'$2b$12$bJS3eJyNaenoz7XhI9bTKekM2f5ANU6uOwLjRIu3htHrE27JalLdi'
358,Who works when he plays and plays when he works?,b'$2b$12$bJS3eJyNaenoz7XhI9bTKeu9y1D4.mIIs8mA2GFsOoFDt1KoMYRDK'
359,My first is twice in apple but not once in tart. My second is in liver but not in heart. My third is in giant and also in ghost. Whole I'm best when I am toast.,b'$2b$12$bJS3eJyNaenoz7XhI9bTKeeWz1lVJZnta.lV03FgfvniS4jdkzghG'
360,"Reaching stiffly for the sky, I bare my fingers when its cold. In warmth I wear an emerald glove and in between I dress in gold.",b'$2b$12$bJS3eJyNaenoz7XhI9bTKePuuYliZI78OXSo6uemB.lXT/ebK7t/G'
361,"A precious stone, as clear as diamond. Seek it out while the sun's near the horizon. Though you can walk on water with its power, try to keep it, and it'll vanish in an hour.",b'$2b$12$bJS3eJyNaenoz7XhI9bTKeVaxNd1TgZW4gCoarQZO9hl9qjZJD.De'
362,"Half-way up the hill, I see you at last, lying beneath me with your sounds and sights. A city in the twilight, dim and vast, with smoking roofs, soft bells, and gleaming lights.",b'$2b$12$bJS3eJyNaenoz7XhI9bTKewk9np1j3azYXCEHzUOAIwy5GwY8Jkw.'
363,"I heard of a wonder, of words moth-eaten. That is a strange thing, I thought, weird. That a man's song be swallowed by a worm. His blinded sentences, his bedside stand-by rustled in the night - and the robber-guest. Not one wit the wiser. For the words he had mumbled.",b'$2b$12$bJS3eJyNaenoz7XhI9bTKeNp/mnSNtNh9mABxpmLmJSvGV3cOkr0u'
364,What has a single eye but cannot see?,b'$2b$12$bJS3eJyNaenoz7XhI9bTKea5kHGA2CP.YrXQ8Ne4a4HWhhWzwtdxm'
365,"I'm light as a feather, yet the strongest man can't hold me for more than 5 minutes. What am I?",b'$2b$12$bJS3eJyNaenoz7XhI9bTKezo5uLqF.CY00/xJAl6o1YUO4P37xeTq'
366,What goes in the water black and comes out red?,b'$2b$12$bJS3eJyNaenoz7XhI9bTKeCbdmw9xpqH9hDzYEkdFFQQMxcsabpVK'
367,What two things can you never eat for breakfast?,b'$2b$12$bJS3eJyNaenoz7XhI9bTKe53G/hPESgHSMroJaQo4GbqiuEmpVpbG'
368,What is brown and sticky?,b'$2b$12$bJS3eJyNaenoz7XhI9bTKeRe1nftimXTdHojFwmDU29r/RAzgc2m.'
369,What asks but never answers?,b'$2b$12$bJS3eJyNaenoz7XhI9bTKey2R6qx7bHmdZFI//u4VlnthlXCz4L8K'
370,What loses its head in the morning and gets it back at night?,b'$2b$12$bJS3eJyNaenoz7XhI9bTKeil7C.cs/78GRy6EgYtQ6ci5aP5Ocwrq'
371,What building has the most stories?,b'$2b$12$bJS3eJyNaenoz7XhI9bTKeEyYmIbqnu2NZLIORr3eJfPt8NoFSLcq'
372,I occur once in a minute...,b'$2b$12$bJS3eJyNaenoz7XhI9bTKeFF4OwSp04EdQvmFwgG5rCVjlADW2XTu'
373,"I pass before the sun, but make no shadow. What am I?",b'$2b$12$bJS3eJyNaenoz7XhI9bTKeUrOQWFbS0/wTPnc2xK6ryBSzFEyfvOS'
374,"Lighter than a feather, but a man cannot hold me for long...",b'$2b$12$bJS3eJyNaenoz7XhI9bTKezo5uLqF.CY00/xJAl6o1YUO4P37xeTq'
375,"I have a hundred legs and cannot stand, a long neck but no head, and I eat the maid's life.",b'$2b$12$bJS3eJyNaenoz7XhI9bTKeSKMp/vF3OcszdzWxNvRNVaxe.2b/uXq'
